City_ID,City,Country,Date,Lat,Lng,Max Temp,Humidity,Cloudiness,Wind Speed
0,Ushuaia,AR,2022-11-11 06:11:31,-54.8,-68.3,40.66,75,75,2.3
1,Busselton,AU,2022-11-11 06:15:36,-33.65,115.3333,62.94,39,52,17.34
2,Pedernales,DO,2022-11-11 06:15:37,18.0384,-71.744,78.4,77,0,2.91
3,Atuona,PF,2022-11-11 06:15:37,-9.8,-139.0333,77.79,81,15,14.2
4,Butaritari,KI,2022-11-11 06:15:21,3.0707,172.7902,81.5,81,57,18.72
5,Samarai,PG,2022-11-11 06:15:37,-10.6167,150.6667,82.22,73,25,12.08
6,Puerto Ayora,EC,2022-11-11 06:15:38,-0.7393,-90.3518,68.56,86,88,8.99
7,Carutapera,BR,2022-11-11 06:15:38,-1.195,-46.02,76.33,89,32,5.79
8,Adrar,MR,2022-11-11 06:15:38,20.5022,-10.0711,65.93,13,7,9.19
9,Port Alfred,ZA,2022-11-11 06:15:39,-33.5906,26.891,65.17,89,87,8.01
10,Saint George,US,2022-11-11 06:15:39,37.1041,-113.5841,43.39,46,0,13.8
11,Cidreira,BR,2022-11-11 06:15:39,-30.1811,-50.2056,65.28,88,100,12.44
12,Marawi,PH,2022-11-11 06:15:40,7.9986,124.2928,76.95,79,86,2.86
13,Salalah,OM,2022-11-11 06:15:40,17.0151,54.0924,84.29,54,0,4.61
14,Dali,CN,2022-11-11 06:15:40,25.7,100.1833,68.2,29,23,6.38
15,Cockburn Town,TC,2022-11-11 06:15:41,21.4612,-71.1419,81.79,80,0,16.46
16,Lagoa,PT,2022-11-11 06:15:41,39.05,-27.9833,61.43,66,27,21.9
17,Arraial Do Cabo,BR,2022-11-11 06:15:42,-22.9661,-42.0278,70.56,89,14,4.59
18,Dunedin,NZ,2022-11-11 06:15:42,-45.8742,170.5036,57.79,71,90,14.0
19,Saint-Louis,SN,2022-11-11 06:15:43,16.3333,-15.0,77.38,16,13,8.61
20,Souillac,MU,2022-11-11 06:15:43,-20.5167,57.5167,80.98,65,40,8.05
21,Cabo San Lucas,MX,2022-11-11 06:15:44,22.8909,-109.9124,75.51,73,93,3.0
22,Qaanaaq,GL,2022-11-11 06:15:44,77.484,-69.3632,-7.51,62,0,8.39
23,Jamestown,US,2022-11-11 06:11:17,42.097,-79.2353,57.72,64,0,7.0
24,High Level,CA,2022-11-11 06:15:44,58.5169,-117.136,-0.29,92,0,0.0
25,Parasia,IN,2022-11-11 06:15:45,22.2,78.7667,78.35,38,15,7.63
26,Macamic,CA,2022-11-11 06:15:45,48.7502,-78.9996,28.18,94,100,12.95
27,Bethel,US,2022-11-11 06:15:46,41.3712,-73.414,56.71,86,100,0.0
28,Zhigansk,RU,2022-11-11 06:15:46,66.7697,123.3711,2.12,96,100,3.13
29,Yar-Sale,RU,2022-11-11 06:15:46,66.8333,70.8333,7.5,97,98,7.23
30,Evensk,RU,2022-11-11 06:15:47,61.95,159.2333,13.37,92,100,20.07
31,Hilo,US,2022-11-11 06:12:35,19.7297,-155.09,71.33,81,0,5.01
32,Bluff,NZ,2022-11-11 06:15:47,-46.6,168.3333,58.8,73,2,11.7
33,Tasiilaq,GL,2022-11-11 06:15:47,65.6145,-37.6368,35.76,77,100,27.96
34,Clyde River,CA,2022-11-11 06:15:48,70.4692,-68.5914,-7.37,71,75,6.91
35,New Norfolk,AU,2022-11-11 06:15:48,-42.7826,147.0587,62.89,67,83,3.0
36,Port Elizabeth,ZA,2022-11-11 06:15:48,-33.918,25.5701,67.1,97,100,14.97
37,Creel,MX,2022-11-11 06:15:48,27.75,-107.6333,39.63,87,17,4.18
38,Carnarvon,AU,2022-11-11 06:15:49,-24.8667,113.6333,71.04,57,37,23.2
39,Orodara,BF,2022-11-11 06:15:49,10.9492,-4.9342,67.82,30,10,1.61
40,Hithadhoo,MV,2022-11-11 06:15:50,-0.6,73.0833,81.41,78,96,13.96
41,Maniitsoq,GL,2022-11-11 06:15:50,65.4167,-52.9,20.75,55,100,5.12
42,Rikitea,PF,2022-11-11 06:15:50,-23.1203,-134.9692,73.92,84,99,5.75
43,Hobart,AU,2022-11-11 06:15:50,-42.8794,147.3294,63.23,85,100,18.41
44,Saldanha,ZA,2022-11-11 06:16:51,-33.0117,17.9442,63.46,65,25,12.55
45,Lexington Park,US,2022-11-11 06:16:34,38.2668,-76.4538,62.65,92,40,6.91
46,Brae,GB,2022-11-11 06:16:51,60.3964,-1.353,53.76,90,100,18.1
47,Albany,US,2022-11-11 06:12:40,42.6001,-73.9662,54.59,83,77,3.2
48,Pevek,RU,2022-11-11 06:16:52,69.7008,170.3133,2.5,96,100,3.69
49,Ningxiang,CN,2022-11-11 06:16:52,37.34,111.2052,49.39,95,100,5.08
50,Norman Wells,CA,2022-11-11 06:16:52,65.282,-126.8329,8.64,78,75,3.44
51,Hualmay,PE,2022-11-11 06:16:53,-11.0964,-77.6139,63.09,85,12,9.89
52,Ville-Marie,CA,2022-11-11 06:16:53,47.3335,-79.433,39.69,92,100,4.88
53,Kapaa,US,2022-11-11 06:16:53,22.0752,-159.319,76.98,80,20,14.97
54,Kaitangata,NZ,2022-11-11 06:16:54,-46.2817,169.8464,62.1,62,49,10.38
55,Yellowknife,CA,2022-11-11 06:15:47,62.456,-114.3525,14.56,85,100,16.11
56,Longkou,CN,2022-11-11 06:16:54,37.6508,120.3286,64.04,77,79,12.28
57,Punta Arenas,CL,2022-11-11 06:16:54,-53.15,-70.9167,41.11,60,75,8.05
58,Bathsheba,BB,2022-11-11 06:16:55,13.2167,-59.5167,79.41,83,40,20.71
59,Takoradi,GH,2022-11-11 06:16:55,4.8845,-1.7554,76.77,87,97,7.09
60,Cartagena,CO,2022-11-11 06:15:20,10.3997,-75.5144,76.62,94,40,3.44
61,Sardarpur,IN,2022-11-11 06:16:55,22.678,74.9484,83.71,28,11,8.72
62,Chuy,UY,2022-11-11 06:16:56,-33.6971,-53.4616,60.8,96,89,7.87
63,Santa Maria,BR,2022-11-11 06:14:53,-29.6842,-53.8069,62.02,80,100,6.85
64,Saskylakh,RU,2022-11-11 06:16:56,71.9167,114.0833,-28.8,100,54,2.93
65,Mataura,NZ,2022-11-11 06:16:57,-46.1927,168.8643,58.48,52,34,3.53
66,Avarua,CK,2022-11-11 06:16:57,-21.2078,-159.775,73.45,73,100,10.36
67,Hermanus,ZA,2022-11-11 06:16:57,-34.4187,19.2345,66.79,72,3,5.46
68,Esperance,AU,2022-11-11 06:16:58,-33.8667,121.9,62.44,72,90,25.55
69,Viradouro,BR,2022-11-11 06:16:58,-20.8731,-48.2969,70.61,58,44,1.83
70,Lebu,CL,2022-11-11 06:16:58,-37.6167,-73.65,53.71,96,100,6.62
71,Ilulissat,GL,2022-11-11 06:16:59,69.2167,-51.1,19.42,68,100,14.97
72,Makambako,TZ,2022-11-11 06:16:59,-8.8453,34.823,66.65,67,98,9.24
73,Castro,BR,2022-11-11 06:16:59,-24.7911,-50.0119,58.17,86,88,4.79
74,Beyneu,KZ,2022-11-11 06:17:00,45.3167,55.2,42.93,67,36,7.92
75,Zholymbet,KZ,2022-11-11 06:17:00,51.7433,71.7122,31.44,87,98,16.46
76,Port Augusta,AU,2022-11-11 06:17:01,-32.5,137.7667,78.33,40,85,12.5
77,Ginda,IN,2022-11-11 06:17:01,30.6945,78.4932,61.27,30,0,5.3
78,Fortuna,US,2022-11-11 06:17:01,40.5982,-124.1573,40.66,100,75,4.61
79,Nikolskoye,RU,2022-11-11 06:17:02,59.7035,30.7861,48.09,83,97,9.8
80,Tarnogskiy Gorodok,RU,2022-11-11 06:17:02,60.4997,43.5761,43.11,98,100,4.56
81,Geraldton,AU,2022-11-11 06:17:03,-28.7667,114.6,68.41,52,29,23.02
82,Paamiut,GL,2022-11-11 06:17:03,61.994,-49.6678,16.54,74,71,5.97
83,Longyearbyen,SJ,2022-11-11 06:17:03,78.2186,15.6401,26.44,68,20,12.66
84,Flinders,AU,2022-11-11 06:17:03,-34.5833,150.8552,69.39,73,100,7.23
85,Alice Springs,AU,2022-11-11 06:17:04,-23.7,133.8833,96.94,19,62,23.73
86,Bredasdorp,ZA,2022-11-11 06:17:05,-34.5322,20.0403,65.61,65,13,8.88
87,Ketrzyn,PL,2022-11-11 06:17:05,54.0768,21.3753,47.28,89,100,11.12
88,Nanortalik,GL,2022-11-11 06:17:05,60.1432,-45.2371,25.03,74,100,11.21
89,Rayagada,IN,2022-11-11 06:17:05,19.1667,83.4167,81.68,48,90,4.85
90,Faanui,PF,2022-11-11 06:17:06,-16.4833,-151.75,78.53,80,19,6.15
91,Itoman,JP,2022-11-11 06:17:06,26.1247,127.6694,79.18,78,75,18.41
92,Chokurdakh,RU,2022-11-11 06:18:07,70.6333,147.9167,-17.88,99,100,5.64
93,Lingao,CN,2022-11-11 06:18:07,19.9103,109.6859,79.07,75,20,13.2
94,Beidao,CN,2022-11-11 06:18:08,34.5686,105.8933,41.52,90,100,11.95
95,Mahebourg,MU,2022-11-11 06:18:08,-20.4081,57.7,81.25,65,40,8.05
96,Qaqortoq,GL,2022-11-11 06:18:08,60.7167,-46.0333,18.84,89,99,1.79
97,Victoria,HK,2022-11-11 06:18:09,22.2855,114.1577,81.32,76,33,5.99
98,Hay River,CA,2022-11-11 06:18:09,60.8156,-115.7999,4.98,78,40,6.91
99,Santo Antonio Do Ica,BR,2022-11-11 06:18:10,-3.1022,-67.9397,73.08,93,31,2.93
100,Manicore,BR,2022-11-11 06:18:11,-5.8092,-61.3003,75.54,81,82,1.48
101,Safford,US,2022-11-11 06:16:59,32.834,-109.7076,54.1,66,0,10.36
102,Katsuura,JP,2022-11-11 06:18:11,35.1333,140.3,68.92,58,11,13.04
103,Marathon,US,2022-11-11 06:18:11,44.9,-89.7668,42.33,84,100,13.8
104,Sergeyevka,KZ,2022-11-11 06:18:12,53.88,67.4158,31.17,96,98,9.84
105,Barrow,US,2022-11-11 06:18:12,71.2906,-156.7887,15.82,86,100,4.61
106,Lasa,IT,2022-11-11 06:18:13,46.6166,10.7002,43.68,47,63,3.94
107,Papara,BR,2022-11-11 06:18:14,-3.9839,-38.7273,78.69,76,38,5.26
108,Bedesa,ET,2022-11-11 06:18:15,8.9,40.7833,67.77,65,97,4.5
109,Along,IN,2022-11-11 06:18:15,28.1667,94.7667,80.31,36,0,1.48
110,Vao,NC,2022-11-11 06:18:15,-22.6667,167.4833,72.66,73,89,12.24
111,Mbouda,CM,2022-11-11 06:18:16,5.6258,10.2552,62.85,85,90,1.3
112,Kavaratti,IN,2022-11-11 06:18:16,10.5669,72.642,82.54,65,66,8.32
113,Beringovskiy,RU,2022-11-11 06:18:17,63.05,179.3167,11.39,72,2,4.81
114,Ahuimanu,US,2022-11-11 06:18:17,21.4447,-157.8378,76.75,71,20,6.91
115,Tairua,NZ,2022-11-11 06:18:18,-37.0167,175.85,64.33,98,100,14.92
116,Tuktoyaktuk,CA,2022-11-11 06:18:18,69.4541,-133.0374,19.4,93,100,5.75
117,Tarare,FR,2022-11-11 06:18:19,45.8976,4.4327,47.73,97,44,2.57
118,Tulun,RU,2022-11-11 06:18:19,54.5611,100.5792,29.7,44,89,6.06
119,Tambovka,RU,2022-11-11 06:18:19,50.0969,128.0489,29.46,98,100,5.82
120,Ankazoabo,MG,2022-11-11 06:18:20,-22.2833,44.5167,86.94,40,87,5.75
121,Kodiak,US,2022-11-11 06:18:20,57.79,-152.4072,27.91,86,0,0.0
122,Saint-Philippe,RE,2022-11-11 06:18:21,-21.3585,55.7679,81.99,68,4,7.94
123,Gat,IL,2022-11-11 06:18:21,31.61,34.7642,71.4,100,0,5.93
124,Sao Miguel Do Araguaia,BR,2022-11-11 06:18:22,-13.275,-50.1628,70.86,89,89,5.26
125,Touros,BR,2022-11-11 06:16:33,-5.1989,-35.4608,78.17,74,60,12.57
126,East London,ZA,2022-11-11 06:18:22,-33.0153,27.9116,67.14,88,20,10.36
127,Gao,ML,2022-11-11 06:18:23,16.6362,1.637,68.79,16,1,11.92
128,Alta Floresta,BR,2022-11-11 06:18:23,-9.8756,-56.0861,70.47,90,62,1.88
129,Chokwe,MZ,2022-11-11 06:18:24,-24.5333,32.9833,79.84,68,49,9.86
130,Cape Town,ZA,2022-11-11 06:15:39,-33.9258,18.4232,67.37,70,0,5.01
131,Sibolga,ID,2022-11-11 06:18:25,1.7427,98.7792,77.81,92,100,2.42
132,San Quintin,MX,2022-11-11 06:18:25,30.4833,-115.95,59.81,59,0,6.51
133,Vanimo,PG,2022-11-11 06:18:26,-2.6741,141.3028,83.05,83,99,7.36
134,Dwarka,IN,2022-11-11 06:18:26,22.2394,68.9678,84.97,41,20,11.74
135,Jijiang,CN,2022-11-11 06:19:26,29.2906,106.2542,80.49,52,51,2.26
136,Lotofaga,WS,2022-11-11 06:19:27,-13.9764,-171.8578,82.18,76,38,11.65
137,Ribeira Grande,PT,2022-11-11 06:19:27,38.5167,-28.7,57.78,77,57,1.99
138,Cayenne,GF,2022-11-11 06:15:20,4.9333,-52.3333,73.44,100,100,0.0
139,Kamaishi,JP,2022-11-11 06:19:28,39.2667,141.8833,53.56,59,5,4.38
140,Kavarna,BG,2022-11-11 06:19:28,43.4333,28.3333,50.58,92,75,6.91
141,Paris,FR,2022-11-11 06:19:12,48.8534,2.3488,49.77,91,100,10.36
142,Mizdah,LY,2022-11-11 06:19:28,31.4451,12.9801,53.82,96,1,4.38
143,Berlevag,NO,2022-11-11 06:19:29,70.8578,29.0864,33.8,80,75,12.66
144,Talnakh,RU,2022-11-11 06:19:29,69.4865,88.3972,4.21,96,100,12.37
145,Ponta Do Sol,PT,2022-11-11 06:19:30,32.6667,-17.1,66.7,81,27,2.57
146,Kahului,US,2022-11-11 06:19:30,20.8947,-156.47,76.84,80,75,5.99
147,Portland,US,2022-11-11 06:17:31,45.5234,-122.6762,43.52,88,20,8.01
148,Pisco,PE,2022-11-11 06:19:30,-13.7,-76.2167,60.85,88,1,8.05
149,Bethanien,NA,2022-11-11 06:19:31,-26.502,17.1583,66.85,31,41,1.39
150,Khatanga,RU,2022-11-11 06:19:31,71.9667,102.5,-16.82,100,97,3.09
151,Chapais,CA,2022-11-11 06:19:32,49.7834,-74.8492,28.18,88,100,5.32
152,Vaini,TO,2022-11-11 06:19:32,-21.2,-175.2,78.96,94,75,9.22
153,Vardo,NO,2022-11-11 06:19:32,70.3705,31.1107,35.58,87,100,20.71
154,Suratgarh,IN,2022-11-11 06:19:33,29.3167,73.9,79.36,30,0,1.59
155,Minden,DE,2022-11-11 06:16:36,52.2833,8.9167,50.47,74,75,8.05
156,Hokitika,NZ,2022-11-11 06:19:33,-42.7167,170.9667,61.11,67,98,4.7
157,Gushikawa,JP,2022-11-11 06:19:34,26.3544,127.8686,78.39,78,75,18.41
158,Xuchang,CN,2022-11-11 06:19:34,34.0167,113.8167,73.6,56,53,7.49
159,Saint Anthony,US,2022-11-11 06:19:35,45.0205,-93.218,27.25,72,100,16.11
160,Riyadh,SA,2022-11-11 06:19:35,24.6877,46.7219,84.34,15,79,17.74
161,Bryan,US,2022-11-11 06:15:14,30.6744,-96.37,73.08,84,100,6.91
162,Half Moon Bay,US,2022-11-11 06:19:34,37.4636,-122.4286,52.32,82,0,6.91
163,Stokmarknes,NO,2022-11-11 06:19:36,68.5646,14.9108,39.18,87,75,8.05
164,Kobe,JP,2022-11-11 06:18:46,34.6913,135.183,72.36,66,20,6.91
165,Anandnagar,IN,2022-11-11 06:19:38,27.1,83.2833,80.37,42,0,7.38
166,Upernavik,GL,2022-11-11 06:19:38,72.7868,-56.1549,11.19,83,100,3.83
167,Yulara,AU,2022-11-11 06:19:38,-25.2406,130.9889,98.44,18,40,23.02
168,Erin,US,2022-11-11 06:19:39,36.3184,-87.6947,67.1,56,100,4.0
169,Tiksi,RU,2022-11-11 06:19:39,71.6872,128.8694,-13.25,100,91,2.55
170,Sao Domingos Do Maranhao,BR,2022-11-11 06:19:39,-5.5758,-44.3853,72.5,89,56,1.39
171,Kampot,KH,2022-11-11 06:19:40,10.6167,104.1833,89.65,63,100,9.89
172,Mar Del Plata,AR,2022-11-11 06:19:40,-38.0023,-57.5575,61.88,93,47,3.0
173,Bandarbeyla,SO,2022-11-11 06:19:40,9.4942,50.8122,82.47,60,46,17.47
174,Komsomolskiy,UZ,2022-11-11 06:19:41,40.4272,71.7189,47.12,57,97,2.3
175,Monrovia,LR,2022-11-11 06:19:41,6.3005,-10.7969,74.97,81,85,6.15
176,Palmer,US,2022-11-11 06:19:42,42.1584,-72.3287,57.61,81,0,5.75
177,Dikson,RU,2022-11-11 06:19:43,73.5069,80.5464,-4.94,90,94,17.36
178,Zaranj,AF,2022-11-11 06:19:44,30.9667,61.8833,66.16,26,12,7.7
179,Aswan,EG,2022-11-11 06:19:44,24.0934,32.907,69.57,38,0,10.89
180,Denpasar,ID,2022-11-11 06:19:45,-8.65,115.2167,87.46,74,40,12.66
181,Kholtoson,RU,2022-11-11 06:19:46,50.2981,103.3097,24.62,65,67,3.56
182,Chiredzi,ZW,2022-11-11 06:19:46,-21.05,31.6667,73.38,81,100,9.15
183,Pyaozerskiy,RU,2022-11-11 06:19:46,65.8333,31.1667,34.95,99,99,7.99
184,Hamada,JP,2022-11-11 06:19:47,34.8833,132.0833,65.12,63,8,7.54
185,Puruliya,IN,2022-11-11 06:20:47,23.3333,86.3667,81.63,34,1,5.91
186,Dire,ML,2022-11-11 06:20:48,12.2833,-10.9667,64.89,33,28,1.52
187,Lompoc,US,2022-11-11 06:20:48,34.6391,-120.4579,52.84,90,0,5.75
188,Torbay,CA,2022-11-11 06:20:49,47.6666,-52.7314,41.76,91,100,4.61
189,Lewiston,US,2022-11-11 06:20:49,44.1003,-70.2148,55.42,65,0,4.61
190,Mount Gambier,AU,2022-11-11 06:20:49,-37.8333,140.7667,61.32,74,98,9.69
191,Yerbogachen,RU,2022-11-11 06:20:50,61.2767,108.0108,10.26,80,72,7.74
192,Chara,RU,2022-11-11 06:20:50,56.9064,118.2631,16.95,76,100,1.43
193,Bambous Virieux,MU,2022-11-11 06:20:51,-20.3428,57.7575,81.21,65,40,8.05
194,Changji,CN,2022-11-11 06:20:51,44.0167,87.3167,41.79,52,0,6.71
195,La Ronge,CA,2022-11-11 06:20:51,55.1001,-105.2842,5.25,78,75,5.75
196,Isangel,VU,2022-11-11 06:20:52,-19.55,169.2667,82.51,89,40,0.0
197,Lampa,CL,2022-11-11 06:17:05,-33.2833,-70.9,56.64,82,75,6.91
198,Jefferson City,US,2022-11-11 06:20:52,38.5767,-92.1735,51.84,65,100,20.0
199,Kavieng,PG,2022-11-11 06:20:53,-2.5744,150.7967,79.36,88,99,15.82
200,Tromso,NO,2022-11-11 06:20:53,69.6496,18.957,31.37,74,75,3.44
201,Sasolburg,ZA,2022-11-11 06:20:54,-26.8136,27.817,65.89,69,67,14.09
202,Urengoy,RU,2022-11-11 06:20:54,65.9667,78.3667,12.63,95,100,14.16
203,Amnat Charoen,TH,2022-11-11 06:20:54,15.9167,104.75,89.56,50,95,11.01
204,Ashford,GB,2022-11-11 06:20:55,51.1459,0.8728,57.69,93,100,5.99
205,Capitao Poco,BR,2022-11-11 06:20:55,-1.7464,-47.0594,72.37,96,22,4.56
206,Hamilton,US,2022-11-11 06:20:56,39.1834,-84.5333,63.72,65,75,8.05
207,Ancud,CL,2022-11-11 06:20:56,-41.8697,-73.8203,52.36,98,100,4.27
208,Mandalgovi,MN,2022-11-11 06:16:18,45.7625,106.2708,28.62,42,100,10.36
209,Tessalit,ML,2022-11-11 06:20:57,20.1986,1.0114,67.95,22,0,10.87
210,Ilo,PE,2022-11-11 06:20:57,-17.6394,-71.3375,63.77,84,35,6.06
211,Kamenka,RU,2022-11-11 06:20:57,51.3223,42.7678,38.16,86,19,9.51
212,Port Shepstone,ZA,2022-11-11 06:20:58,-30.7414,30.455,70.99,75,100,8.77
213,Pangnirtung,CA,2022-11-11 06:20:58,66.1451,-65.7125,-5.8,93,75,4.38
214,Bonthe,SL,2022-11-11 06:20:58,7.5264,-12.505,76.71,85,37,5.06
215,Kabinda,CD,2022-11-11 06:20:59,-6.1333,24.4833,70.61,86,87,2.01
216,Praia Da Vitoria,PT,2022-11-11 06:20:59,38.7333,-27.0667,55.76,100,20,8.99
217,Georgetown,MY,2022-11-11 06:21:00,5.4112,100.3354,86.95,74,20,10.36
218,Prieska,ZA,2022-11-11 06:21:00,-29.6641,22.7474,77.47,40,74,17.05
219,Deputatskiy,RU,2022-11-11 06:21:01,69.3,139.9,-18.44,98,75,3.67
220,San Borja,BO,2022-11-11 06:21:01,-14.8167,-66.85,72.9,81,76,3.09
221,Airai,TL,2022-11-11 06:21:01,-8.9266,125.4092,71.11,71,100,2.01
222,Nimaparha,IN,2022-11-11 06:21:02,20.0667,86.0167,84.6,42,100,9.51
223,Beecher,US,2022-11-11 06:21:03,43.09,-83.6944,58.75,56,0,6.91
224,Dembi Dolo,ET,2022-11-11 06:16:17,8.5333,34.8,64.06,76,100,2.08
225,Kutum,SD,2022-11-11 06:21:03,14.2,24.6667,64.22,29,23,7.36
226,San Patricio,US,2022-11-11 06:21:04,28.017,-97.5169,78.66,86,23,7.74
227,Indapur,IN,2022-11-11 06:21:04,18.3,73.25,88.27,33,6,10.16
228,Antofagasta,CL,2022-11-11 06:21:04,-23.65,-70.4,60.08,80,35,0.16
229,Coquimbo,CL,2022-11-11 06:21:05,-29.9533,-71.3436,58.73,82,100,2.3
230,Tocopilla,CL,2022-11-11 06:21:06,-22.092,-70.1979,62.69,71,14,3.83
231,Dawlatabad,AF,2022-11-11 06:22:07,36.4141,64.9053,52.27,40,1,4.74
232,Mikumi,TZ,2022-11-11 06:22:07,-7.4041,36.9831,77.85,68,98,3.83
233,Tecoanapa,MX,2022-11-11 06:22:08,16.5167,-98.75,77.7,87,7,4.72
234,Lavrentiya,RU,2022-11-11 06:22:08,65.5833,-171.0,15.57,89,12,10.09
235,Nador,MA,2022-11-11 06:19:18,35.174,-2.9287,68.25,77,75,10.36
236,Sao Filipe,CV,2022-11-11 06:22:09,14.8961,-24.4956,76.5,72,98,5.44
237,Khuzdar,PK,2022-11-11 06:22:09,27.7384,66.6434,70.41,27,4,8.34
238,Beloha,MG,2022-11-11 06:22:09,-25.1667,45.05,86.07,42,4,6.17
239,Saint-Augustin,CA,2022-11-11 06:22:10,51.226,-58.6502,32.49,80,94,11.72
240,Angoche,MZ,2022-11-11 06:22:10,-16.2325,39.9086,83.89,58,4,7.31
241,Egvekinot,RU,2022-11-11 06:22:11,66.3167,-179.1667,-2.97,93,34,6.69
242,Sao Gabriel Da Cachoeira,BR,2022-11-11 06:22:11,-0.1303,-67.0892,70.75,89,47,1.74
243,Namatanai,PG,2022-11-11 06:22:11,-3.6667,152.4333,82.47,75,97,6.33
244,Mount Isa,AU,2022-11-11 06:22:12,-20.7333,139.5,96.57,28,40,10.36
245,Bad Freienwalde,DE,2022-11-11 06:22:13,52.7873,14.0304,49.75,93,100,8.99
246,Severo-Kurilsk,RU,2022-11-11 06:22:13,50.6789,156.125,33.17,63,98,35.14
247,Sulangan,PH,2022-11-11 06:22:13,11.1373,123.7228,83.17,74,65,4.34
248,College,US,2022-11-11 06:22:14,64.8569,-147.8028,17.2,85,100,5.75
249,Camopi,GF,2022-11-11 06:22:14,3.1655,-52.3158,70.59,100,61,1.45
250,Lorengau,PG,2022-11-11 06:22:15,-2.0226,147.2712,82.83,74,100,6.91
251,Yangjiang,CN,2022-11-11 06:19:14,21.85,111.9667,80.31,69,14,9.51
252,Great Yarmouth,GB,2022-11-11 06:22:16,52.6083,1.7305,59.41,83,100,20.24
253,Acaxochitlan,MX,2022-11-11 06:22:16,20.1667,-98.2,52.09,72,1,5.5
254,Hobyo,SO,2022-11-11 06:22:17,5.3505,48.5268,83.23,66,28,13.4
255,Ulagan,RU,2022-11-11 06:22:17,50.6321,87.9563,25.14,60,100,0.87
256,Aklavik,CA,2022-11-11 06:22:18,68.2191,-135.0107,19.47,96,100,5.17
257,Vineland,US,2022-11-11 06:22:18,39.4862,-75.0257,61.97,92,100,0.0
258,Yacuiba,BO,2022-11-11 06:22:18,-22.038,-63.6797,64.71,82,26,4.18
259,Codo,BR,2022-11-11 06:22:19,-4.4553,-43.8856,72.19,97,44,1.61
260,Severnoye,RU,2022-11-11 06:22:19,56.3491,78.3619,30.87,93,100,6.71
261,Ola,RU,2022-11-11 06:22:20,59.5833,151.2833,5.45,75,96,11.43
262,Baherove,UA,2022-11-11 06:22:20,45.3742,36.2971,49.26,80,9,5.77
263,Vila Velha,BR,2022-11-11 06:22:20,-20.3297,-40.2925,75.15,92,75,5.75
264,Gladstone,AU,2022-11-11 06:22:21,-23.85,151.25,80.78,47,6,12.66
265,Polkowice,PL,2022-11-11 06:22:21,51.5039,16.0726,46.99,74,98,8.84
266,Veraval,IN,2022-11-11 06:22:21,20.9,70.3667,87.6,39,48,7.16
267,Ayan,RU,2022-11-11 06:22:22,56.45,138.1667,26.4,52,75,15.5
268,Santa Rosa,PH,2022-11-11 06:20:24,14.3122,121.1114,91.11,75,96,12.57
269,Aleksandrovsk-Sakhalinskiy,RU,2022-11-11 06:22:22,50.8975,142.1561,30.34,59,4,9.42
270,Sheregesh,RU,2022-11-11 06:22:22,52.9209,87.9869,27.32,91,100,4.03
271,Iqaluit,CA,2022-11-11 06:22:23,63.7506,-68.5145,-4.27,76,75,9.22
272,Garden City,US,2022-11-11 06:21:22,42.3256,-83.331,58.95,64,100,4.61
273,Tripoli,LY,2022-11-11 06:22:23,32.8752,13.1875,66.24,76,25,7.92
274,Luena,AO,2022-11-11 06:22:24,-11.7833,19.9167,63.86,91,100,4.0
275,Porto Belo,BR,2022-11-11 06:22:24,-27.1578,-48.5531,65.79,86,96,2.17
276,Nouadhibou,MR,2022-11-11 06:23:24,20.931,-17.0347,69.21,81,88,8.37
277,Uralets,RU,2022-11-11 06:23:25,57.6614,59.6497,33.96,97,100,11.56
278,Krasnoselkup,RU,2022-11-11 06:23:25,65.7,82.4667,7.29,83,100,14.5
279,Nuqui,CO,2022-11-11 06:23:26,5.7125,-77.2708,75.22,91,80,2.39
280,Magadan,RU,2022-11-11 06:20:55,59.5667,150.8,2.55,77,34,8.75
281,Grindavik,IS,2022-11-11 06:23:26,63.8424,-22.4338,39.15,93,0,4.61
282,Narsaq,GL,2022-11-11 06:23:26,60.9167,-46.05,25.02,94,100,1.19
283,Wicklow,IE,2022-11-11 06:23:27,53.0,-6.4167,56.08,93,100,21.16
284,Sao Joao Da Barra,BR,2022-11-11 06:23:27,-21.6403,-41.0511,71.11,96,39,7.85
285,Yaan,NG,2022-11-11 06:23:27,7.3833,8.5667,74.05,86,100,5.12
286,Broken Hill,AU,2022-11-11 06:23:28,-31.95,141.4333,85.41,28,39,6.8
287,Batagay,RU,2022-11-11 06:23:28,67.6333,134.6333,-8.28,97,100,2.44
288,Yumen,CN,2022-11-11 06:23:29,40.2833,97.2,43.61,34,73,20.13
289,Plettenberg Bay,ZA,2022-11-11 06:23:29,-34.0527,23.3716,67.42,58,0,3.11
290,Ishigaki,JP,2022-11-11 06:23:30,24.3448,124.1572,82.53,89,75,6.91
291,Kousseri,CM,2022-11-11 06:23:30,12.0769,15.0306,75.16,29,47,9.22
292,Klaksvik,FO,2022-11-11 06:23:31,62.2266,-6.589,50.92,87,100,27.31
293,Garowe,SO,2022-11-11 06:23:31,8.4054,48.4845,77.92,56,10,12.88
294,Thompson,CA,2022-11-11 06:23:31,55.7435,-97.8558,-14.64,84,40,2.3
295,Westport,US,2022-11-11 06:23:32,41.1415,-73.3579,57.94,88,0,1.01
296,Cherdakly,RU,2022-11-11 06:23:32,54.3594,48.845,42.75,87,100,15.66
297,Iturama,BR,2022-11-11 06:23:33,-19.7281,-50.1956,73.4,62,16,5.28
298,North Bend,US,2022-11-11 06:23:33,43.4065,-124.2243,40.91,95,0,5.75
299,Bunda,TZ,2022-11-11 06:23:34,-2.05,33.8667,75.24,59,96,4.97
300,Tevaitoa,PF,2022-11-11 06:23:34,-16.7833,-151.5,78.15,81,29,8.39
301,Hasaki,JP,2022-11-11 06:23:35,35.7333,140.8333,68.29,63,5,14.92
302,Sioux Lookout,CA,2022-11-11 06:23:35,50.1001,-91.917,23.07,93,100,8.05
303,Kudahuvadhoo,MV,2022-11-11 06:23:35,2.6708,72.8944,79.99,78,83,11.81
304,Te Anau,NZ,2022-11-11 06:23:36,-45.4167,167.7167,70.93,52,57,2.8
305,Grand Forks,US,2022-11-11 06:23:36,47.9417,-97.4337,19.78,92,100,22.75
306,Onega,RU,2022-11-11 06:23:36,63.9061,38.1404,39.45,97,100,5.82
307,Solnechnyy,RU,2022-11-11 06:23:37,50.7214,136.6319,29.21,42,55,3.96
308,Belyy Yar,RU,2022-11-11 06:23:37,53.6039,91.3903,34.86,67,0,8.95
309,Bontang,ID,2022-11-11 06:23:38,0.1333,117.5,84.15,73,95,9.1
310,Port Hardy,CA,2022-11-11 06:23:38,50.6996,-127.4199,39.38,93,100,31.07
311,Churapcha,RU,2022-11-11 06:23:38,62.0025,132.4325,6.4,96,100,3.76
312,Bombay,IN,2022-11-11 06:21:36,19.0144,72.8479,89.49,30,6,10.36
313,Provideniya,RU,2022-11-11 06:23:39,64.3833,-173.3,17.87,76,55,9.01
314,Sur,OM,2022-11-11 06:23:39,22.5667,59.5289,83.25,51,5,4.0
315,Oriximina,BR,2022-11-11 06:23:40,-1.7656,-55.8661,74.05,71,66,3.11
316,San Antonio,US,2022-11-11 06:23:40,29.4241,-98.4936,72.27,88,0,10.36
317,Ringebu,NO,2022-11-11 06:23:40,61.5167,10.1667,40.59,99,100,3.15
318,Grand Gaube,MU,2022-11-11 06:23:41,-20.0064,57.6608,81.37,57,85,8.99
319,Aksha,RU,2022-11-11 06:23:41,50.2814,113.2867,30.49,38,17,14.27
320,Nioro,GM,2022-11-11 06:23:42,13.35,-15.75,71.11,93,11,4.03
321,Olinda,BR,2022-11-11 06:24:42,-8.0089,-34.8553,74.93,88,75,2.3
322,Goundam,ML,2022-11-11 06:24:42,16.4145,-3.6708,72.23,12,0,5.53
323,Petropavlovsk-Kamchatskiy,RU,2022-11-11 06:20:53,53.0452,158.6483,34.39,51,40,20.13
324,Scarborough,GB,2022-11-11 06:21:44,54.2797,-0.4044,57.65,84,100,8.99
325,Hambantota,LK,2022-11-11 06:24:43,6.1241,81.1185,86.34,74,40,6.91
326,Tabas,IR,2022-11-11 06:24:43,33.5959,56.9244,66.63,24,100,0.51
327,Esik,KZ,2022-11-11 06:24:43,43.3552,77.4525,38.62,49,45,2.93
328,Mecca,SA,2022-11-11 06:24:44,21.4267,39.8261,83.01,55,15,2.95
329,Port Blair,IN,2022-11-11 06:24:44,11.6667,92.75,86.04,70,40,8.05
330,At-Bashi,KG,2022-11-11 06:24:45,41.1702,75.8106,25.48,45,85,0.54
331,Luderitz,NA,2022-11-11 06:24:45,-26.6481,15.1594,60.17,69,20,10.04
332,San Jose,US,2022-11-11 06:24:45,37.3394,-121.895,50.97,81,40,3.44
333,La Baule-Escoublac,FR,2022-11-11 06:24:46,47.2922,-2.364,47.86,95,100,6.91
334,Orocue,CO,2022-11-11 06:24:46,4.7912,-71.3354,75.33,90,72,3.44
335,Porangatu,BR,2022-11-11 06:24:47,-13.4408,-49.1486,70.36,91,99,3.06
336,Timbiqui,CO,2022-11-11 06:24:47,2.7717,-77.6654,72.64,95,97,2.91
337,Anori,BR,2022-11-11 06:24:47,-3.7728,-61.6442,75.67,86,99,1.74
338,Richards Bay,ZA,2022-11-11 06:24:48,-28.783,32.0377,71.91,79,81,5.86
339,Khani,GE,2022-11-11 06:24:48,41.9563,42.9566,45.97,71,31,1.86
340,Niksic,ME,2022-11-11 06:24:48,42.7731,18.9445,55.26,88,70,6.35
341,Shanhetun,CN,2022-11-11 06:24:49,44.7,127.2,51.96,75,100,15.32
342,Alim,PH,2022-11-11 06:24:49,9.5649,122.4876,87.06,68,72,7.58
343,Wekiva Springs,US,2022-11-11 06:24:50,28.6986,-81.4256,74.25,95,82,1.99
344,Raudeberg,NO,2022-11-11 06:24:50,61.9875,5.1352,52.47,41,100,25.5
345,Abha,SA,2022-11-11 06:24:50,18.2164,42.5053,66.45,26,0,4.61
346,Nome,US,2022-11-11 06:24:51,64.5011,-165.4064,26.67,86,0,9.22
347,Krasnogvardeyskiy,RU,2022-11-11 06:22:08,57.3793,62.3195,34.88,98,100,9.19
348,Mabaruma,GY,2022-11-11 06:24:51,8.2,-59.7833,71.91,99,94,2.01
349,Isla Mujeres,MX,2022-11-11 06:24:51,21.2311,-86.731,73.45,72,1,2.21
350,Sterlibashevo,RU,2022-11-11 06:24:52,53.4376,55.2578,35.8,95,100,15.37
351,Abnub,EG,2022-11-11 06:24:52,27.2696,31.1511,63.86,46,0,5.01
352,Pachino,IT,2022-11-11 06:23:00,36.7186,15.0907,63.75,78,100,7.96
353,Camana,PE,2022-11-11 06:24:52,-16.6228,-72.7111,64.17,90,30,5.91
354,Coahuayana,MX,2022-11-11 06:24:53,18.7333,-103.6833,76.69,90,84,1.48
355,Lakatoro,VU,2022-11-11 06:24:53,-16.0999,167.4164,82.69,78,45,10.11
356,Novi Pazar,RS,2022-11-11 06:24:53,43.1367,20.5122,50.05,88,98,3.53
357,Svetlogorsk,BY,2022-11-11 06:24:54,52.6333,29.7333,45.73,93,100,4.65
358,Inuvik,CA,2022-11-11 06:24:54,68.3499,-133.7218,16.66,86,100,4.61
359,Buala,SB,2022-11-11 06:24:54,-8.145,159.5921,79.81,86,100,8.19
360,Oblivskaya,RU,2022-11-11 06:24:55,48.5362,42.5014,40.24,69,5,6.67
361,Uruzgan,AF,2022-11-11 06:24:55,32.8333,66.0,56.34,39,0,1.3
362,Eureka,US,2022-11-11 06:24:56,40.8021,-124.1637,40.93,97,100,3.27
363,Pitsunda,GE,2022-11-11 06:24:56,43.1592,40.3378,51.98,59,32,8.19
364,San Cristobal,VE,2022-11-11 06:24:56,7.7669,-72.225,63.82,97,91,2.53
365,Panzhihua,CN,2022-11-11 06:25:10,26.5851,101.7128,75.42,39,2,0.85
366,Horasan,TR,2022-11-11 06:25:57,40.0458,42.1728,42.6,77,96,1.99
367,Brownsville,US,2022-11-11 06:22:04,25.9018,-97.4975,71.96,88,0,5.75
368,Pavino,RU,2022-11-11 06:25:57,59.1139,46.1414,42.89,97,100,6.29
369,Kibre Mengist,ET,2022-11-11 06:25:57,5.8833,38.9833,65.79,74,91,6.08
370,Charleville-Mezieres,FR,2022-11-11 06:25:58,49.7667,4.7167,45.77,93,70,3.94
371,Henties Bay,NA,2022-11-11 06:25:58,-22.116,14.2845,59.32,86,5,5.86
372,Sitka,US,2022-11-11 06:25:58,57.0531,-135.33,39.09,87,100,0.0
373,Hudson Bay,CA,2022-11-11 06:25:59,52.85,-102.3842,0.97,97,56,1.99
374,Bosaso,SO,2022-11-11 06:25:59,11.2842,49.1816,80.58,74,20,8.05
375,Coihaique,CL,2022-11-11 06:22:29,-45.5752,-72.0662,50.61,81,100,3.44
376,Bilibino,RU,2022-11-11 06:25:59,68.0546,166.4372,-10.07,100,100,1.5
377,Vestmannaeyjar,IS,2022-11-11 06:26:00,63.4427,-20.2734,45.57,85,100,13.02
378,San Rafael,AR,2022-11-11 06:26:00,-34.6177,-68.3301,61.0,80,100,10.49
379,Dingle,PH,2022-11-11 06:26:00,10.9995,122.6711,84.81,74,68,13.2
380,Fairmount,US,2022-11-11 06:26:01,43.0473,-76.2385,60.89,73,75,8.99
381,Santa Vitoria Do Palmar,BR,2022-11-11 06:23:52,-33.5189,-53.3681,61.47,95,88,8.08
382,Puerto Escondido,MX,2022-11-11 06:26:01,15.85,-97.0667,78.19,83,11,3.06
383,Glazunovka,RU,2022-11-11 06:26:01,52.4986,36.3275,39.2,87,100,9.91
384,Kaeo,NZ,2022-11-11 06:26:02,-35.1,173.7833,69.33,89,10,6.96
385,Qiongshan,CN,2022-11-11 06:26:02,20.0058,110.3542,78.78,78,75,15.66
386,Madingou,CG,2022-11-11 06:26:02,-4.1536,13.55,69.98,97,100,1.81
387,Porto Velho,BR,2022-11-11 06:26:03,-8.7619,-63.9039,75.25,94,0,0.0
388,Tuatapere,NZ,2022-11-11 06:26:03,-46.1333,167.6833,60.91,64,8,5.53
389,Xuddur,SO,2022-11-11 06:26:04,4.1213,43.8894,78.89,57,99,17.05
390,Mayo,US,2022-11-11 06:26:04,38.8876,-76.5119,62.55,91,0,4.61
391,Port Lincoln,AU,2022-11-11 06:26:05,-34.7333,135.8667,64.54,63,61,14.12
392,Faya,SA,2022-11-11 06:26:05,18.3851,42.4509,66.72,40,15,0.92
393,Bogande,BF,2022-11-11 06:26:06,12.9714,-0.1436,74.25,24,48,3.89
394,Hirekerur,IN,2022-11-11 06:26:06,14.4667,75.3833,80.71,54,53,15.28
395,Maragogi,BR,2022-11-11 06:24:14,-9.0122,-35.2225,74.1,92,8,2.59
396,Akhalgori,GE,2022-11-11 06:26:07,42.126,44.4833,45.68,65,19,3.76
397,Fort Nelson,CA,2022-11-11 06:26:07,58.8053,-122.7002,7.95,92,75,3.44
398,Launceston,AU,2022-11-11 06:26:08,-41.45,147.1667,71.24,69,75,17.27
399,Aasiaat,GL,2022-11-11 06:26:08,68.7098,-52.8699,7.5,95,100,5.86
400,Mackay,AU,2022-11-11 06:25:40,-21.15,149.2,81.68,57,3,12.84
401,Ancona,IT,2022-11-11 06:26:09,43.55,13.1667,58.84,94,75,3.44
402,Yangambi,CD,2022-11-11 06:26:09,0.8102,24.4336,69.12,99,100,2.37
403,Byron Bay,AU,2022-11-11 06:26:10,-28.65,153.6167,74.95,59,47,12.71
404,Burnie,AU,2022-11-11 06:26:10,-41.0667,145.9167,69.94,62,95,9.1
405,Oktyabrskiy,RU,2022-11-11 06:26:11,54.4815,53.471,37.56,90,100,13.0
406,Kintinku,TZ,2022-11-11 06:26:11,-5.8833,35.2333,78.04,53,78,4.41
407,Diffa,NE,2022-11-11 06:26:11,13.3154,12.6113,73.42,35,50,8.97
408,Aranos,NA,2022-11-11 06:26:12,-24.1333,19.1167,75.81,35,40,13.89
409,Ewa Beach,US,2022-11-11 06:26:12,21.3156,-158.0072,76.98,66,0,6.91
410,Bengkulu,ID,2022-11-11 06:26:13,-3.8004,102.2655,75.81,93,100,2.33
411,Muzhi,RU,2022-11-11 06:27:14,65.3667,64.6667,20.88,96,93,2.44
412,Zaraysk,RU,2022-11-11 06:27:14,54.7653,38.8836,40.96,91,100,11.52
413,Katobu,ID,2022-11-11 06:27:15,-4.9408,122.5276,82.4,79,71,3.62
414,Mafinga,TZ,2022-11-11 06:27:15,-7.25,35.0667,77.74,52,89,3.58
415,Bridlington,GB,2022-11-11 06:27:15,54.0831,-0.1919,58.01,84,100,17.0
416,Kolvereid,NO,2022-11-11 06:27:16,64.8655,11.6047,49.23,84,88,28.54
417,Tayu,ID,2022-11-11 06:27:16,-6.5397,111.0518,88.74,60,100,2.77
418,Hami,CN,2022-11-11 06:27:17,42.8,93.45,43.65,30,31,4.14
419,Bac,RS,2022-11-11 06:27:17,45.3919,19.2367,41.0,90,58,6.71
420,Chimbote,PE,2022-11-11 06:27:17,-9.0853,-78.5783,61.16,91,31,6.11
421,Ambulu,ID,2022-11-11 06:27:18,-8.345,113.6058,83.52,76,99,6.31
422,Viedma,AR,2022-11-11 06:27:18,-40.8135,-62.9967,53.26,87,46,5.66
423,Kailua,US,2022-11-11 06:27:19,21.4022,-157.7394,77.02,74,4,3.0
424,Whithorn,JM,2022-11-11 06:27:20,18.2604,-78.0378,74.46,92,39,2.95
425,Almaznyy,RU,2022-11-11 06:27:20,48.0448,40.045,39.31,82,38,5.84
426,Maues,BR,2022-11-11 06:27:20,-3.3836,-57.7186,73.63,82,80,2.66
427,Alyangula,AU,2022-11-11 06:27:21,-13.8483,136.4192,86.16,67,47,16.06
428,Prijedor,BA,2022-11-11 06:27:21,44.9814,16.7131,40.68,97,40,1.5
429,Kaili,ID,2022-11-11 06:27:21,-3.4626,120.2147,78.03,79,86,3.38
430,Carauari,BR,2022-11-11 06:27:22,-4.8828,-66.8958,71.64,97,37,2.48
431,Neepawa,CA,2022-11-11 06:27:22,50.2289,-99.4664,18.0,91,100,16.04
432,Atbasar,KZ,2022-11-11 06:27:22,51.8,68.3333,31.3,94,100,15.37
433,Ivanteyevka,RU,2022-11-11 06:27:22,55.9711,37.9208,46.35,94,100,8.39
434,Menongue,AO,2022-11-11 06:27:23,-14.6585,17.691,67.35,77,74,6.58
435,Rincon,US,2022-11-11 06:27:23,32.296,-81.2354,71.94,94,40,14.97
436,Male,MV,2022-11-11 06:27:24,4.1748,73.5089,85.95,74,75,6.91
437,Anadyr,RU,2022-11-11 06:27:24,64.75,177.4833,-1.7,84,0,6.71
438,Frontera,MX,2022-11-11 06:27:24,26.9333,-101.45,73.33,73,46,3.0
439,Banda Aceh,ID,2022-11-11 06:27:25,5.5577,95.3222,78.12,85,100,9.64
440,Hohhot,CN,2022-11-11 06:25:30,40.8106,111.6522,44.89,81,75,20.13
441,Guerrero Negro,MX,2022-11-11 06:27:25,27.9769,-114.0611,63.43,52,2,12.15
442,Jambi,ID,2022-11-11 06:27:25,-1.6,103.6167,86.0,70,99,1.74
443,Sofia,BG,2022-11-11 06:27:12,42.6975,23.3242,51.28,92,100,5.99
444,Jalu,LY,2022-11-11 06:27:26,29.0331,21.5482,59.31,59,0,6.67
445,Beian,NO,2022-11-11 06:27:26,63.6559,9.5683,51.01,87,75,16.11
446,Mananjary,MG,2022-11-11 06:27:26,-21.2167,48.3333,80.64,63,40,7.43
447,Raposa,BR,2022-11-11 06:27:27,-6.5167,-44.1833,71.8,77,25,1.88
448,Ust-Ishim,RU,2022-11-11 06:27:27,57.6935,71.1665,32.45,91,100,4.23
449,Safaga,EG,2022-11-11 06:27:28,26.7292,33.9365,72.03,49,0,11.86
450,Gap,FR,2022-11-11 06:27:28,44.6667,6.0,28.83,82,4,5.03
451,Kapuskasing,CA,2022-11-11 06:27:28,49.4169,-82.4331,24.89,93,100,16.11
452,Kadugannawa,LK,2022-11-11 06:27:29,7.2547,80.5242,80.37,63,98,4.09
453,Sobolevo,RU,2022-11-11 06:27:29,54.4299,31.8996,45.57,97,100,5.44
454,Auki,SB,2022-11-11 06:27:30,-8.7676,160.7034,78.39,89,100,6.87
455,Stony Plain,CA,2022-11-11 06:27:30,53.5334,-114.0021,2.71,92,0,0.0
456,Kismayo,SO,2022-11-11 06:27:30,-0.3582,42.5454,82.0,70,98,11.83
457,Ouegoa,NC,2022-11-11 06:27:31,-20.35,164.4333,76.95,69,100,4.36
458,Quang Ngai,VN,2022-11-11 06:27:31,15.1167,108.8,83.08,71,84,8.05
459,Cherskiy,RU,2022-11-11 06:27:31,68.75,161.3,-7.4,99,100,2.66
460,Savannakhet,LA,2022-11-11 06:28:32,16.566,104.751,90.99,46,79,7.29
461,Umm Lajj,SA,2022-11-11 06:28:32,25.0213,37.2685,76.28,55,77,7.63
462,Taylorville,US,2022-11-11 06:28:32,39.5489,-89.2945,58.78,87,40,5.75
463,Inhambane,MZ,2022-11-11 06:28:33,-23.865,35.3833,82.38,69,40,3.44
464,Thinadhoo,MV,2022-11-11 06:28:33,0.5333,72.9333,81.97,75,69,14.83
465,Tisul,RU,2022-11-11 06:28:34,55.7611,88.3122,32.77,75,100,13.35
466,Margate,GB,2022-11-11 06:28:34,51.3813,1.3862,57.31,87,100,5.99
467,Vaitape,PF,2022-11-11 06:28:34,-16.5167,-151.75,78.46,80,19,6.33
468,Svetlyy,RU,2022-11-11 06:28:35,54.675,20.1347,50.97,87,97,15.97
469,Jurado,CO,2022-11-11 06:28:35,7.1053,-77.7641,73.99,94,91,0.67
470,Havre-Saint-Pierre,CA,2022-11-11 06:28:35,50.2334,-63.5986,37.76,75,100,6.91
471,Fairbanks,US,2022-11-11 06:28:36,64.8378,-147.7164,17.22,86,100,5.75
472,Balkhash,KZ,2022-11-11 06:28:36,46.844,74.9804,30.81,93,100,6.71
473,Camacha,PT,2022-11-11 06:28:36,33.0833,-16.3333,62.02,82,20,2.3
474,Bintulu,MY,2022-11-11 06:28:37,3.1667,113.0333,86.41,79,40,4.61
475,Anito,PH,2022-11-11 06:28:37,12.4497,125.2886,83.41,82,96,7.7
476,Kharitonovo,RU,2022-11-11 06:28:37,61.4009,47.4978,39.67,98,100,6.13
477,Olenino,RU,2022-11-11 06:28:38,56.2092,33.4889,43.5,98,100,5.99
478,Dasoguz,TM,2022-11-11 06:28:38,41.8363,59.9666,39.15,65,75,11.5
479,Bud,US,2022-11-11 06:28:38,39.447,-86.1758,58.14,71,100,5.7
480,Pangody,RU,2022-11-11 06:28:39,65.85,74.4859,11.17,95,100,11.9
481,Walvis Bay,NA,2022-11-11 06:28:39,-22.9575,14.5053,58.15,88,100,6.91
482,Vanderhoof,CA,2022-11-11 06:28:40,54.0166,-124.0198,10.87,98,100,2.21
483,Rocky Mountain House,CA,2022-11-11 06:28:40,52.3668,-114.9188,-2.09,78,26,1.14
484,Malakal,SS,2022-11-11 06:28:40,9.5334,31.6605,78.75,25,100,8.37
485,Dareda,TZ,2022-11-11 06:28:41,-4.2167,35.55,66.34,72,88,7.63
486,Luyang,CN,2022-11-11 06:28:41,27.6239,110.0989,85.03,41,62,7.67
487,Lubao,PH,2022-11-11 06:28:42,14.9167,120.55,89.31,64,51,12.03
488,Eltham,NZ,2022-11-11 06:28:42,-39.4292,174.3,62.69,89,100,4.12
489,Mayumba,GA,2022-11-11 06:28:42,-3.432,10.6554,75.31,87,99,4.41
490,Kieta,PG,2022-11-11 06:28:43,-6.2167,155.6333,81.54,81,100,2.46
491,Luocheng,CN,2022-11-11 06:28:43,29.3848,104.0286,72.72,61,75,2.8
492,Siparia,TT,2022-11-11 06:28:43,10.1333,-61.5,75.81,96,100,1.01
493,Laguna,US,2022-11-11 06:28:43,38.421,-121.4238,47.17,88,0,0.0
494,Husavik,IS,2022-11-11 06:28:44,66.0449,-17.3389,38.1,98,100,18.3
495,Quetta,PK,2022-11-11 06:28:44,30.199,67.0097,59.83,37,3,6.78
496,Selfoss,IS,2022-11-11 06:28:44,63.9331,-20.9971,39.04,84,100,7.72
497,Lagos,NG,2022-11-11 06:24:56,6.5833,3.75,75.52,92,78,1.52
498,Villagarzon,CO,2022-11-11 06:28:45,1.0375,-76.6267,69.76,91,97,4.99
499,Asilah,MA,2022-11-11 06:28:45,35.465,-6.0348,67.96,81,0,11.52
500,Ostrovnoy,RU,2022-11-11 06:28:46,68.0531,39.5131,33.71,89,100,10.11
501,Kondopoga,RU,2022-11-11 06:28:46,62.2057,34.2614,46.08,92,87,7.63
502,Udachnyy,RU,2022-11-11 06:28:46,66.4167,112.4,-15.57,98,74,4.59
503,Ulaanbaatar,MN,2022-11-11 06:23:53,47.9077,106.8832,24.93,63,0,4.47
504,Namibe,AO,2022-11-11 06:28:47,-15.1961,12.1522,64.98,79,66,5.64
505,Zyryanka,RU,2022-11-11 06:28:47,65.75,150.85,-19.97,100,96,3.51
506,Krasnoborsk,RU,2022-11-11 06:28:47,61.5598,45.934,41.11,96,100,5.32
507,Padang,ID,2022-11-11 06:28:48,-0.9492,100.3543,80.65,82,94,4.25
508,Nampula,MZ,2022-11-11 06:29:48,-15.1165,39.2666,82.35,54,20,14.97
509,Los Llanos De Aridane,ES,2022-11-11 06:29:49,28.6585,-17.9182,65.95,63,75,6.91
510,Kulhudhuffushi,MV,2022-11-11 06:29:49,6.6221,73.07,81.66,70,93,4.92
511,Asau,RO,2022-11-11 06:29:49,46.4333,26.4,47.32,89,100,4.5
512,Kirksville,US,2022-11-11 06:29:50,40.1948,-92.5833,35.55,95,100,19.57
513,Okha,RU,2022-11-11 06:29:51,53.5739,142.9478,29.32,70,100,19.44
514,Naryan-Mar,RU,2022-11-11 06:29:52,67.6713,53.087,21.04,97,87,6.08
515,Vyartsilya,RU,2022-11-11 06:29:52,62.1764,30.693,46.62,100,94,11.25
516,Bissora,GW,2022-11-11 06:29:52,12.2231,-15.4475,68.86,91,2,3.67
517,Mafeteng,LS,2022-11-11 06:29:53,-29.823,27.2374,62.2,69,99,21.63
518,Tashtyp,RU,2022-11-11 06:29:53,52.7939,89.8983,31.15,59,100,2.77
519,Lalsk,RU,2022-11-11 06:29:53,60.7415,47.5862,42.93,97,100,7.23
520,Devonport,AU,2022-11-11 06:29:53,-41.1667,146.35,70.02,73,83,9.37
521,Thayetmyo,MM,2022-11-11 06:29:54,19.3167,95.1833,88.93,42,43,5.21
522,Rio Verde De Mato Grosso,BR,2022-11-11 06:29:54,-18.9181,-54.8442,78.01,47,36,5.17
523,Skjervoy,NO,2022-11-11 06:29:54,70.0311,20.9714,33.8,69,52,17.07
524,Coos Bay,US,2022-11-11 06:25:01,43.3665,-124.2179,40.98,95,0,5.75
525,Murree,PK,2022-11-11 06:29:55,33.9073,73.393,50.25,28,1,1.36
526,Sampit,ID,2022-11-11 06:29:55,-2.5333,112.95,84.22,81,100,1.63
527,Ouesso,CG,2022-11-11 06:29:56,1.6136,16.0517,71.01,91,98,2.62
528,Codrington,AU,2022-11-11 06:29:56,-38.2667,141.9667,59.13,86,100,13.38
529,Khandyga,RU,2022-11-11 06:29:57,62.6667,135.6,1.63,98,100,1.7
530,Iwanai,JP,2022-11-11 06:29:57,42.9744,140.5089,45.28,55,18,4.36
531,Lima,PE,2022-11-11 06:29:24,-12.0432,-77.0282,61.05,86,100,11.5
532,Cacahuatepec,MX,2022-11-11 06:29:57,16.8861,-99.6106,78.37,91,43,2.73
533,Chino Valley,US,2022-11-11 06:29:58,34.7575,-112.4538,40.42,58,0,3.44
534,Sinnamary,GF,2022-11-11 06:29:58,5.3833,-52.95,76.84,88,30,6.38
535,Sarangani,PH,2022-11-11 06:29:59,5.4033,125.4636,82.83,76,100,14.18
536,Kloulklubed,PW,2022-11-11 06:29:59,7.0419,134.2556,82.9,74,96,10.38
537,Manassas,US,2022-11-11 06:29:59,38.751,-77.4753,62.19,81,100,3.44
538,Hofn,IS,2022-11-11 06:30:00,64.2539,-15.2082,43.32,81,99,1.86
539,Constitucion,CL,2022-11-11 06:30:01,-35.3333,-72.4167,50.4,92,0,7.92
540,Broome,US,2022-11-11 06:30:02,42.2506,-75.833,55.85,83,0,8.05
541,Turukhansk,RU,2022-11-11 06:30:02,65.8167,87.9833,2.37,90,100,12.46
542,Ahualulco,MX,2022-11-11 06:30:03,22.4,-101.1667,55.22,39,0,5.06
543,Yining,CN,2022-11-11 06:30:03,29.0361,114.5636,84.2,45,21,3.13
544,Zalesovo,RU,2022-11-11 06:30:04,53.9939,84.7431,31.17,93,100,13.33
545,Chatham,GB,2022-11-11 06:30:04,51.3789,0.5279,59.2,73,100,8.01
546,Harper,LR,2022-11-11 06:30:05,4.375,-7.7169,76.8,86,97,6.42
547,Mulanje,MW,2022-11-11 06:30:05,-16.0316,35.5,83.46,53,99,3.2
548,Shingu,JP,2022-11-11 06:30:06,33.7333,135.9833,65.93,67,2,4.94
549,Pedasi,PA,2022-11-11 06:30:06,7.5333,-80.0333,76.06,88,100,10.31
550,Hopewell,US,2022-11-11 06:30:07,37.3043,-77.2872,64.92,90,100,7.63
551,Tukums,LV,2022-11-11 06:30:07,56.9669,23.1553,49.35,90,100,13.51
552,Lubango,AO,2022-11-11 06:30:08,-14.9172,13.4925,68.29,26,31,3.71
553,Pochutla,MX,2022-11-11 06:31:08,15.7432,-96.4661,74.82,87,8,3.71
554,Drayton Valley,CA,2022-11-11 06:31:09,53.2168,-114.9854,0.57,99,54,5.06
555,Vilyuysk,RU,2022-11-11 06:31:09,63.7553,121.6247,3.92,91,100,9.24
556,Maharajganj,IN,2022-11-11 06:31:09,27.1333,83.5667,81.57,40,0,7.4
557,Ejea De Los Caballeros,ES,2022-11-11 06:31:10,42.1263,-1.1372,41.22,76,17,5.57
558,Termiz,UZ,2022-11-11 06:31:10,37.2242,67.2783,50.09,57,0,6.91
559,Curup,ID,2022-11-11 06:31:10,-3.4667,102.5333,70.95,93,100,2.77
